start,end,today,deviceid,store_gps:Latitude,store_gps:Longitude,store_gps:Altitude,store_gps:Accuracy,Image,Shelter,Lighting,CCTV,Type,Capacity,meta:instanceID
Mon Oct 07 09:17:35 UTC 2019,Mon Oct 07 09:42:07 UTC 2019,Mon Oct 07 00:00:00 UTC 2019,8.63664E+14,52.62910097,-1.13800762,127,6.432,https://survodk3.appspot.com/view/binaryData?blobKey=lcfbikes%5B%40version%3Dnull+and+%40uiVersion%3Dnull%5D%2FLCFbikes%5B%40key%3Duuid%3A043a3d3e-ea32-4b87-ad6c-e28c902aec7f%5D%2FImage,Yes,Yes,Yes,U Stand,20,uuid:043a3d3e-ea32-4b87-ad6c-e28c902aec7f
Mon Oct 07 09:58:12 UTC 2019,Mon Oct 07 09:59:11 UTC 2019,Mon Oct 07 00:00:00 UTC 2019,8.63664E+14,52.62882121,-1.13959677,115,6.432,https://survodk3.appspot.com/view/binaryData?blobKey=lcfbikes%5B%40version%3Dnull+and+%40uiVersion%3Dnull%5D%2FLCFbikes%5B%40key%3Duuid%3A73b405d0-2777-403c-9e8e-4c6b3ce370ab%5D%2FImage,Yes,Yes,Yes,U Stand,14,uuid:73b405d0-2777-403c-9e8e-4c6b3ce370ab
Mon Oct 07 09:59:17 UTC 2019,Mon Oct 07 10:00:26 UTC 2019,Mon Oct 07 00:00:00 UTC 2019,8.63664E+14,52.62898247,-1.13948974,112,6.432,https://survodk3.appspot.com/view/binaryData?blobKey=lcfbikes%5B%40version%3Dnull+and+%40uiVersion%3Dnull%5D%2FLCFbikes%5B%40key%3Duuid%3A5ce0277c-a807-43ad-9926-85caf3094b7b%5D%2FImage,No,Yes,Yes,U Stand,16,uuid:5ce0277c-a807-43ad-9926-85caf3094b7b
Mon Oct 07 10:00:36 UTC 2019,Mon Oct 07 10:01:47 UTC 2019,Mon Oct 07 00:00:00 UTC 2019,8.63664E+14,52.6292151,-1.13970754,109,11.792,https://survodk3.appspot.com/view/binaryData?blobKey=lcfbikes%5B%40version%3Dnull+and+%40uiVersion%3Dnull%5D%2FLCFbikes%5B%40key%3Duuid%3A0764d258-4be6-4233-975d-bd0f0360e19d%5D%2FImage,No,Yes,Yes,U Stand,20,uuid:0764d258-4be6-4233-975d-bd0f0360e19d
Mon Oct 07 10:02:04 UTC 2019,Mon Oct 07 10:03:40 UTC 2019,Mon Oct 07 00:00:00 UTC 2019,8.63664E+14,52.62983324,-1.1392752,126,6.432,https://survodk3.appspot.com/view/binaryData?blobKey=lcfbikes%5B%40version%3Dnull+and+%40uiVersion%3Dnull%5D%2FLCFbikes%5B%40key%3Duuid%3A69616953-10cb-40a7-ae76-583076444664%5D%2FImage,No,Yes,No,U Stand,8,uuid:69616953-10cb-40a7-ae76-583076444664
Mon Oct 07 10:03:45 UTC 2019,Mon Oct 07 10:04:54 UTC 2019,Mon Oct 07 00:00:00 UTC 2019,8.63664E+14,52.62985815,-1.13887872,127,5.36,https://survodk3.appspot.com/view/binaryData?blobKey=lcfbikes%5B%40version%3Dnull+and+%40uiVersion%3Dnull%5D%2FLCFbikes%5B%40key%3Duuid%3A33dd63fa-7d98-464a-a43b-6e88db8ac1fc%5D%2FImage,Yes,Yes,No,U Stand,10,uuid:33dd63fa-7d98-464a-a43b-6e88db8ac1fc
Mon Oct 07 10:04:57 UTC 2019,Mon Oct 07 10:05:50 UTC 2019,Mon Oct 07 00:00:00 UTC 2019,8.63664E+14,52.62982115,-1.13851734,137,5.36,https://survodk3.appspot.com/view/binaryData?blobKey=lcfbikes%5B%40version%3Dnull+and+%40uiVersion%3Dnull%5D%2FLCFbikes%5B%40key%3Duuid%3A388a6750-89bd-4cdb-920e-6e5542e9c603%5D%2FImage,No,Yes,Yes,U Stand,6,uuid:388a6750-89bd-4cdb-920e-6e5542e9c603
Mon Oct 07 10:08:18 UTC 2019,Mon Oct 07 10:09:58 UTC 2019,Mon Oct 07 00:00:00 UTC 2019,8.63664E+14,52.63137294,-1.1391745,108,5.36,https://survodk3.appspot.com/view/binaryData?blobKey=lcfbikes%5B%40version%3Dnull+and+%40uiVersion%3Dnull%5D%2FLCFbikes%5B%40key%3Duuid%3Add630d17-1c69-4583-9dc3-4353aec138f9%5D%2FImage,No,Yes,No,U Stand,22,uuid:dd630d17-1c69-4583-9dc3-4353aec138f9
Mon Oct 07 10:11:58 UTC 2019,Mon Oct 07 10:12:47 UTC 2019,Mon Oct 07 00:00:00 UTC 2019,8.63664E+14,52.63046877,-1.13780754,130,5.36,https://survodk3.appspot.com/view/binaryData?blobKey=lcfbikes%5B%40version%3Dnull+and+%40uiVersion%3Dnull%5D%2FLCFbikes%5B%40key%3Duuid%3A0af6ca13-a12f-47a9-9cd2-6d8f336e37e7%5D%2FImage,Yes,Yes,Yes,U Stand,8,uuid:0af6ca13-a12f-47a9-9cd2-6d8f336e37e7
Mon Oct 07 10:13:10 UTC 2019,Mon Oct 07 10:14:17 UTC 2019,Mon Oct 07 00:00:00 UTC 2019,8.63664E+14,52.63017781,-1.1374939,113,5.36,https://survodk3.appspot.com/view/binaryData?blobKey=lcfbikes%5B%40version%3Dnull+and+%40uiVersion%3Dnull%5D%2FLCFbikes%5B%40key%3Duuid%3A830acee7-2d9f-4f27-9201-e0b3f4c5f6d4%5D%2FImage,No,Yes,No,U Stand,6,uuid:830acee7-2d9f-4f27-9201-e0b3f4c5f6d4
Mon Oct 07 14:39:34 UTC 2019,Mon Oct 07 14:40:35 UTC 2019,Mon Oct 07 00:00:00 UTC 2019,8.63664E+14,52.63030045,-1.1406444,131,9.648001,https://survodk3.appspot.com/view/binaryData?blobKey=lcfbikes%5B%40version%3Dnull+and+%40uiVersion%3Dnull%5D%2FLCFbikes%5B%40key%3Duuid%3Ae5921f41-2fe7-4d6a-b189-01e83cf4fd4a%5D%2FImage,No,Yes,Yes,U Stand,14,uuid:e5921f41-2fe7-4d6a-b189-01e83cf4fd4a
Mon Oct 07 14:40:49 UTC 2019,Mon Oct 07 14:42:18 UTC 2019,Mon Oct 07 00:00:00 UTC 2019,8.63664E+14,52.63019221,-1.14060082,116,8.576,https://survodk3.appspot.com/view/binaryData?blobKey=lcfbikes%5B%40version%3Dnull+and+%40uiVersion%3Dnull%5D%2FLCFbikes%5B%40key%3Duuid%3A0741f02a-7418-49e8-abe1-82b117bc019d%5D%2FImage,Yes,Yes,No,U Stand,10,uuid:0741f02a-7418-49e8-abe1-82b117bc019d
Mon Oct 07 14:43:07 UTC 2019,Mon Oct 07 14:43:57 UTC 2019,Mon Oct 07 00:00:00 UTC 2019,8.63664E+14,52.63044803,-1.14121484,109,6.432,https://survodk3.appspot.com/view/binaryData?blobKey=lcfbikes%5B%40version%3Dnull+and+%40uiVersion%3Dnull%5D%2FLCFbikes%5B%40key%3Duuid%3Ad862173a-7503-45ce-8daa-009bd1903772%5D%2FImage,Yes,Yes,Yes,U Stand,20,uuid:d862173a-7503-45ce-8daa-009bd1903772
Mon Oct 07 14:49:27 UTC 2019,Mon Oct 07 14:50:25 UTC 2019,Mon Oct 07 00:00:00 UTC 2019,8.63664E+14,52.63248419,-1.14374719,113,5.36,https://survodk3.appspot.com/view/binaryData?blobKey=lcfbikes%5B%40version%3Dnull+and+%40uiVersion%3Dnull%5D%2FLCFbikes%5B%40key%3Duuid%3Ac86fd4cf-7743-4dbb-816e-04843a555f94%5D%2FImage,Yes,Yes,Yes,U Stand,20,uuid:c86fd4cf-7743-4dbb-816e-04843a555f94
Mon Oct 07 14:52:23 UTC 2019,Mon Oct 07 14:53:52 UTC 2019,Mon Oct 07 00:00:00 UTC 2019,8.63664E+14,52.63174472,-1.14593803,106,4.288,https://survodk3.appspot.com/view/binaryData?blobKey=lcfbikes%5B%40version%3Dnull+and+%40uiVersion%3Dnull%5D%2FLCFbikes%5B%40key%3Duuid%3A6acd52c2-69eb-4935-a88d-7d38b3b42055%5D%2FImage,Yes,Yes,Yes,U Stand,22,uuid:6acd52c2-69eb-4935-a88d-7d38b3b42055
Mon Oct 07 14:54:16 UTC 2019,Mon Oct 07 14:55:41 UTC 2019,Mon Oct 07 00:00:00 UTC 2019,8.63664E+14,52.63110827,-1.14556769,119,5.36,https://survodk3.appspot.com/view/binaryData?blobKey=lcfbikes%5B%40version%3Dnull+and+%40uiVersion%3Dnull%5D%2FLCFbikes%5B%40key%3Duuid%3Aefb4bbef-9939-4ae1-8822-0c55b41f271e%5D%2FImage,No,No,No,U Stand,6,uuid:efb4bbef-9939-4ae1-8822-0c55b41f271e
Mon Oct 07 14:56:20 UTC 2019,Mon Oct 07 14:57:13 UTC 2019,Mon Oct 07 00:00:00 UTC 2019,8.63664E+14,52.63071344,-1.14656728,112,4.288,https://survodk3.appspot.com/view/binaryData?blobKey=lcfbikes%5B%40version%3Dnull+and+%40uiVersion%3Dnull%5D%2FLCFbikes%5B%40key%3Duuid%3Add9e2abd-aba8-4a36-a86d-869b5eda6938%5D%2FImage,No,Yes,Yes,U Stand,18,uuid:dd9e2abd-aba8-4a36-a86d-869b5eda6938
Mon Oct 07 15:00:19 UTC 2019,Mon Oct 07 15:01:16 UTC 2019,Mon Oct 07 00:00:00 UTC 2019,8.63664E+14,52.62802063,-1.14705481,112,5.36,https://survodk3.appspot.com/view/binaryData?blobKey=lcfbikes%5B%40version%3Dnull+and+%40uiVersion%3Dnull%5D%2FLCFbikes%5B%40key%3Duuid%3A19a0b093-2b03-4871-8b83-a41068f40a41%5D%2FImage,No,Yes,Yes,U Stand,4,uuid:19a0b093-2b03-4871-8b83-a41068f40a41
Mon Oct 07 15:01:18 UTC 2019,Mon Oct 07 15:02:24 UTC 2019,Mon Oct 07 00:00:00 UTC 2019,8.63664E+14,52.62807601,-1.14706135,107,6.432,https://survodk3.appspot.com/view/binaryData?blobKey=lcfbikes%5B%40version%3Dnull+and+%40uiVersion%3Dnull%5D%2FLCFbikes%5B%40key%3Duuid%3A44c298ce-8f0b-4112-a855-e85812b35029%5D%2FImage,No,Yes,Yes,U Stand,14,uuid:44c298ce-8f0b-4112-a855-e85812b35029
Mon Oct 07 15:04:38 UTC 2019,Mon Oct 07 15:05:26 UTC 2019,Mon Oct 07 00:00:00 UTC 2019,8.63664E+14,52.62873609,-1.14392235,116,4.288,https://survodk3.appspot.com/view/binaryData?blobKey=lcfbikes%5B%40version%3Dnull+and+%40uiVersion%3Dnull%5D%2FLCFbikes%5B%40key%3Duuid%3Af80d014c-ec1a-419b-80fe-d063431a9207%5D%2FImage,No,Yes,No,U Stand,8,uuid:f80d014c-ec1a-419b-80fe-d063431a9207
Mon Oct 07 15:06:10 UTC 2019,Mon Oct 07 15:07:26 UTC 2019,Mon Oct 07 00:00:00 UTC 2019,8.63664E+14,52.62894298,-1.14313616,103,6.432,https://survodk3.appspot.com/view/binaryData?blobKey=lcfbikes%5B%40version%3Dnull+and+%40uiVersion%3Dnull%5D%2FLCFbikes%5B%40key%3Duuid%3A1f68a13a-93cc-4aac-a3ea-05a7c4910dc5%5D%2FImage,No,No,No,U Stand,8,uuid:1f68a13a-93cc-4aac-a3ea-05a7c4910dc5
Mon Oct 07 15:08:32 UTC 2019,Mon Oct 07 15:10:39 UTC 2019,Mon Oct 07 00:00:00 UTC 2019,8.63664E+14,52.62892203,-1.14151269,116,9.648001,https://survodk3.appspot.com/view/binaryData?blobKey=lcfbikes%5B%40version%3Dnull+and+%40uiVersion%3Dnull%5D%2FLCFbikes%5B%40key%3Duuid%3Abd8a26eb-bb50-420b-85e6-6830b6200692%5D%2FImage,No,Yes,No,U Stand,6,uuid:bd8a26eb-bb50-420b-85e6-6830b6200692
Mon Oct 07 15:09:28 UTC 2019,Mon Oct 07 15:10:25 UTC 2019,Mon Oct 07 00:00:00 UTC 2019,8.63664E+14,52.62892741,-1.14145641,116,10.72,https://survodk3.appspot.com/view/binaryData?blobKey=lcfbikes%5B%40version%3Dnull+and+%40uiVersion%3Dnull%5D%2FLCFbikes%5B%40key%3Duuid%3A4e184a2c-c50b-43e1-bc26-20a0cd53c513%5D%2FImage,No,No,No,U Stand,8,uuid:4e184a2c-c50b-43e1-bc26-20a0cd53c513
Mon Oct 07 16:51:46 UTC 2019,Mon Oct 07 16:52:40 UTC 2019,Mon Oct 07 00:00:00 UTC 2019,8.63664E+14,52.6287811,-1.13780154,151,6.432,https://survodk3.appspot.com/view/binaryData?blobKey=lcfbikes%5B%40version%3Dnull+and+%40uiVersion%3Dnull%5D%2FLCFbikes%5B%40key%3Duuid%3Abe410533-a12a-413a-9392-04f0c98a3785%5D%2FImage,No,Yes,Yes,U Stand,4,uuid:be410533-a12a-413a-9392-04f0c98a3785
Wed Oct 09 11:42:04 UTC 2019,Wed Oct 09 11:43:09 UTC 2019,Wed Oct 09 00:00:00 UTC 2019,8.63664E+14,52.62945128,-1.14227045,119,8.576,https://survodk3.appspot.com/view/binaryData?blobKey=lcfbikes%5B%40version%3Dnull+and+%40uiVersion%3Dnull%5D%2FLCFbikes%5B%40key%3Duuid%3A0be52333-98eb-49ed-b375-20d8ddc01ad5%5D%2FImage,Yes,Yes,No,U Stand,8,uuid:0be52333-98eb-49ed-b375-20d8ddc01ad5
Thu Oct 10 04:19:35 UTC 2019,Thu Oct 10 04:20:54 UTC 2019,Thu Oct 10 00:00:00 UTC 2019,8.63664E+14,52.63243474,-1.12668313,274,13.936001,https://survodk3.appspot.com/view/binaryData?blobKey=lcfbikes%5B%40version%3Dnull+and+%40uiVersion%3Dnull%5D%2FLCFbikes%5B%40key%3Duuid%3A819bde6c-7dc0-47b6-aa94-91dd92026c9d%5D%2FImage,No,Yes,No,U Stand,20,uuid:819bde6c-7dc0-47b6-aa94-91dd92026c9d
Thu Oct 10 04:21:25 UTC 2019,Thu Oct 10 04:23:45 UTC 2019,Thu Oct 10 00:00:00 UTC 2019,8.63664E+14,52.6318881,-1.12602512,120,9.648001,https://survodk3.appspot.com/view/binaryData?blobKey=lcfbikes%5B%40version%3Dnull+and+%40uiVersion%3Dnull%5D%2FLCFbikes%5B%40key%3Duuid%3Ab09bef49-17c4-413c-bcf3-0002044255f3%5D%2FImage,No,Yes,No,U Stand,8,uuid:b09bef49-17c4-413c-bcf3-0002044255f3
Sat Oct 12 09:19:26 UTC 2019,Sat Oct 12 09:20:33 UTC 2019,Sat Oct 12 00:00:00 UTC 2019,8.63664E+14,52.63535108,-1.13820049,112,10.72,https://survodk3.appspot.com/view/binaryData?blobKey=lcfbikes%5B%40version%3Dnull+and+%40uiVersion%3Dnull%5D%2FLCFbikes%5B%40key%3Duuid%3Aaaac51f6-6a86-42eb-a534-81b74614b4b0%5D%2FImage,No,Yes,No,U Stand,12,uuid:aaac51f6-6a86-42eb-a534-81b74614b4b0
Sat Oct 12 09:20:38 UTC 2019,Sat Oct 12 09:21:43 UTC 2019,Sat Oct 12 00:00:00 UTC 2019,8.63664E+14,52.63548679,-1.13745441,126,6.432,https://survodk3.appspot.com/view/binaryData?blobKey=lcfbikes%5B%40version%3Dnull+and+%40uiVersion%3Dnull%5D%2FLCFbikes%5B%40key%3Duuid%3A9b437dcf-3ce8-403a-9858-ce0b92586848%5D%2FImage,No,Yes,No,U Stand,6,uuid:9b437dcf-3ce8-403a-9858-ce0b92586848
Sat Oct 12 09:21:48 UTC 2019,Sat Oct 12 09:22:45 UTC 2019,Sat Oct 12 00:00:00 UTC 2019,8.63664E+14,52.63558207,-1.13696027,98,6.432,https://survodk3.appspot.com/view/binaryData?blobKey=lcfbikes%5B%40version%3Dnull+and+%40uiVersion%3Dnull%5D%2FLCFbikes%5B%40key%3Duuid%3Aa1f665ad-41fc-417e-bec6-95fe8e1612db%5D%2FImage,No,Yes,No,U Stand,6,uuid:a1f665ad-41fc-417e-bec6-95fe8e1612db
Sat Oct 12 09:23:34 UTC 2019,Sat Oct 12 09:24:24 UTC 2019,Sat Oct 12 00:00:00 UTC 2019,8.63664E+14,52.63562316,-1.1355692,145,6.432,https://survodk3.appspot.com/view/binaryData?blobKey=lcfbikes%5B%40version%3Dnull+and+%40uiVersion%3Dnull%5D%2FLCFbikes%5B%40key%3Duuid%3A8d8c9ae9-c515-4fb2-9aa9-2ebfa32d6600%5D%2FImage,No,Yes,No,U Stand,6,uuid:8d8c9ae9-c515-4fb2-9aa9-2ebfa32d6600
Sat Oct 12 09:40:10 UTC 2019,Sat Oct 12 09:41:11 UTC 2019,Sat Oct 12 00:00:00 UTC 2019,8.63664E+14,52.63579911,-1.13419133,113,6.432,https://survodk3.appspot.com/view/binaryData?blobKey=lcfbikes%5B%40version%3Dnull+and+%40uiVersion%3Dnull%5D%2FLCFbikes%5B%40key%3Duuid%3A9c3b3603-c3ab-441f-a144-2ed213d1ca6d%5D%2FImage,No,No,No,U Stand,4,uuid:9c3b3603-c3ab-441f-a144-2ed213d1ca6d
Sat Oct 12 09:52:50 UTC 2019,Sat Oct 12 09:54:31 UTC 2019,Sat Oct 12 00:00:00 UTC 2019,8.63664E+14,52.63620408,-1.13762562,118,7.504,https://survodk3.appspot.com/view/binaryData?blobKey=lcfbikes%5B%40version%3Dnull+and+%40uiVersion%3Dnull%5D%2FLCFbikes%5B%40key%3Duuid%3A47360d33-946f-4722-888d-c367c43abbfe%5D%2FImage,No,Yes,Yes,U Stand,8,uuid:47360d33-946f-4722-888d-c367c43abbfe
Sat Oct 12 10:24:14 UTC 2019,Sat Oct 12 10:25:06 UTC 2019,Sat Oct 12 00:00:00 UTC 2019,8.63664E+14,52.63615599,-1.13288765,123,9.648001,https://survodk3.appspot.com/view/binaryData?blobKey=lcfbikes%5B%40version%3Dnull+and+%40uiVersion%3Dnull%5D%2FLCFbikes%5B%40key%3Duuid%3A88c00043-15ad-4fbc-acf4-b8c4486aacaa%5D%2FImage,No,Yes,No,U Stand,6,uuid:88c00043-15ad-4fbc-acf4-b8c4486aacaa
Sat Oct 12 10:28:12 UTC 2019,Sat Oct 12 10:29:18 UTC 2019,Sat Oct 12 00:00:00 UTC 2019,8.63664E+14,52.63462058,-1.1319193,116,5.36,https://survodk3.appspot.com/view/binaryData?blobKey=lcfbikes%5B%40version%3Dnull+and+%40uiVersion%3Dnull%5D%2FLCFbikes%5B%40key%3Duuid%3A08379083-5e5f-45d4-92a7-fb4df39b4881%5D%2FImage,No,Yes,Yes,U Stand,10,uuid:08379083-5e5f-45d4-92a7-fb4df39b4881
Sat Oct 12 10:30:23 UTC 2019,Sat Oct 12 10:31:09 UTC 2019,Sat Oct 12 00:00:00 UTC 2019,8.63664E+14,52.63456178,-1.13083582,109,7.504,https://survodk3.appspot.com/view/binaryData?blobKey=lcfbikes%5B%40version%3Dnull+and+%40uiVersion%3Dnull%5D%2FLCFbikes%5B%40key%3Duuid%3A46f83177-d39b-4684-a4b0-90b5b7c74d61%5D%2FImage,No,No,No,U Stand,2,uuid:46f83177-d39b-4684-a4b0-90b5b7c74d61
Sat Oct 12 10:31:12 UTC 2019,Sat Oct 12 10:31:56 UTC 2019,Sat Oct 12 00:00:00 UTC 2019,8.63664E+14,52.63458484,-1.13072361,109,8.576,https://survodk3.appspot.com/view/binaryData?blobKey=lcfbikes%5B%40version%3Dnull+and+%40uiVersion%3Dnull%5D%2FLCFbikes%5B%40key%3Duuid%3Aa09a5c6f-3c9c-4fc4-b452-e49042d7088e%5D%2FImage,No,No,No,U Stand,4,uuid:a09a5c6f-3c9c-4fc4-b452-e49042d7088e
Sat Oct 12 10:34:28 UTC 2019,Sat Oct 12 10:35:32 UTC 2019,Sat Oct 12 00:00:00 UTC 2019,8.63664E+14,52.63479514,-1.12901581,134,9.648001,https://survodk3.appspot.com/view/binaryData?blobKey=lcfbikes%5B%40version%3Dnull+and+%40uiVersion%3Dnull%5D%2FLCFbikes%5B%40key%3Duuid%3A9fd6a51c-288f-4963-9458-f20dd25fb159%5D%2FImage,No,No,Yes,U Stand,6,uuid:9fd6a51c-288f-4963-9458-f20dd25fb159
Sat Oct 12 10:38:43 UTC 2019,Sat Oct 12 10:39:38 UTC 2019,Sat Oct 12 00:00:00 UTC 2019,8.63664E+14,52.63505658,-1.12782092,110,11.792,https://survodk3.appspot.com/view/binaryData?blobKey=lcfbikes%5B%40version%3Dnull+and+%40uiVersion%3Dnull%5D%2FLCFbikes%5B%40key%3Duuid%3A3519a634-c228-4408-a249-319e73ac74e1%5D%2FImage,No,No,Yes,U Stand,8,uuid:3519a634-c228-4408-a249-319e73ac74e1
Sat Oct 12 10:40:02 UTC 2019,Sat Oct 12 10:41:21 UTC 2019,Sat Oct 12 00:00:00 UTC 2019,8.63664E+14,52.63502243,-1.12779815,110,11.792,https://survodk3.appspot.com/view/binaryData?blobKey=lcfbikes%5B%40version%3Dnull+and+%40uiVersion%3Dnull%5D%2FLCFbikes%5B%40key%3Duuid%3A02081cd3-a2c7-490f-9b2f-0d5f38d8a429%5D%2FImage,No,Yes,No,U Stand,16,uuid:02081cd3-a2c7-490f-9b2f-0d5f38d8a429
Sat Oct 12 10:41:34 UTC 2019,Sat Oct 12 10:42:31 UTC 2019,Sat Oct 12 00:00:00 UTC 2019,8.63664E+14,52.63497946,-1.12781633,108,8.576,https://survodk3.appspot.com/view/binaryData?blobKey=lcfbikes%5B%40version%3Dnull+and+%40uiVersion%3Dnull%5D%2FLCFbikes%5B%40key%3Duuid%3A6d36d32c-f866-4051-a539-f4224f725b62%5D%2FImage,No,Yes,No,U Stand,6,uuid:6d36d32c-f866-4051-a539-f4224f725b62
Sat Oct 12 10:43:35 UTC 2019,Sat Oct 12 10:44:48 UTC 2019,Sat Oct 12 00:00:00 UTC 2019,8.63664E+14,52.63525426,-1.12707848,125,11.792,https://survodk3.appspot.com/view/binaryData?blobKey=lcfbikes%5B%40version%3Dnull+and+%40uiVersion%3Dnull%5D%2FLCFbikes%5B%40key%3Duuid%3A9c078688-6715-4c55-a738-885ab2b5d4fc%5D%2FImage,No,No,Yes,U Stand,6,uuid:9c078688-6715-4c55-a738-885ab2b5d4fc
Sat Oct 12 10:58:44 UTC 2019,Sat Oct 12 10:59:55 UTC 2019,Sat Oct 12 00:00:00 UTC 2019,8.63664E+14,52.63580064,-1.12413096,111,8.576,https://survodk3.appspot.com/view/binaryData?blobKey=lcfbikes%5B%40version%3Dnull+and+%40uiVersion%3Dnull%5D%2FLCFbikes%5B%40key%3Duuid%3A67e55189-9e64-418c-96d4-07783813977a%5D%2FImage,No,Yes,Yes,U Stand,10,uuid:67e55189-9e64-418c-96d4-07783813977a
Sat Oct 12 10:59:58 UTC 2019,Sat Oct 12 11:01:01 UTC 2019,Sat Oct 12 00:00:00 UTC 2019,8.63664E+14,52.63595118,-1.12425006,122,5.36,https://survodk3.appspot.com/view/binaryData?blobKey=lcfbikes%5B%40version%3Dnull+and+%40uiVersion%3Dnull%5D%2FLCFbikes%5B%40key%3Duuid%3Ad578c44b-9590-4755-9d6e-671ba84e4c7c%5D%2FImage,No,No,No,Other,14,uuid:d578c44b-9590-4755-9d6e-671ba84e4c7c
Sat Oct 12 11:01:59 UTC 2019,Sat Oct 12 11:02:53 UTC 2019,Sat Oct 12 00:00:00 UTC 2019,8.63664E+14,52.63652584,-1.12366789,103,7.504,https://survodk3.appspot.com/view/binaryData?blobKey=lcfbikes%5B%40version%3Dnull+and+%40uiVersion%3Dnull%5D%2FLCFbikes%5B%40key%3Duuid%3A6d7b628f-52c3-4cfc-9dcd-9f570a320c5a%5D%2FImage,Yes,Yes,No,U Stand,10,uuid:6d7b628f-52c3-4cfc-9dcd-9f570a320c5a
Sat Oct 12 11:03:36 UTC 2019,Sat Oct 12 11:04:16 UTC 2019,Sat Oct 12 00:00:00 UTC 2019,8.63664E+14,52.63594672,-1.12342631,112,10.72,https://survodk3.appspot.com/view/binaryData?blobKey=lcfbikes%5B%40version%3Dnull+and+%40uiVersion%3Dnull%5D%2FLCFbikes%5B%40key%3Duuid%3A5c42a2b0-02e4-4d2b-a113-d3f056af49fb%5D%2FImage,No,No,No,U Stand,6,uuid:5c42a2b0-02e4-4d2b-a113-d3f056af49fb
Sat Oct 12 11:12:10 UTC 2019,Sat Oct 12 11:13:34 UTC 2019,Sat Oct 12 00:00:00 UTC 2019,8.63664E+14,52.63273326,-1.12393487,117,7.504,https://survodk3.appspot.com/view/binaryData?blobKey=lcfbikes%5B%40version%3Dnull+and+%40uiVersion%3Dnull%5D%2FLCFbikes%5B%40key%3Duuid%3A09673fbe-b125-4dbf-8add-d4db13289bbd%5D%2FImage,Yes,Yes,Yes,U Stand,76,uuid:09673fbe-b125-4dbf-8add-d4db13289bbd
Sat Oct 12 11:23:24 UTC 2019,Sat Oct 12 11:24:18 UTC 2019,Sat Oct 12 00:00:00 UTC 2019,8.63664E+14,52.6322883,-1.13281116,124,6.432,https://survodk3.appspot.com/view/binaryData?blobKey=lcfbikes%5B%40version%3Dnull+and+%40uiVersion%3Dnull%5D%2FLCFbikes%5B%40key%3Duuid%3Af71a32ad-3479-49dd-a5f4-c0d876e58527%5D%2FImage,No,Yes,Yes,U Stand,4,uuid:f71a32ad-3479-49dd-a5f4-c0d876e58527
Sat Oct 12 11:49:00 UTC 2019,Sat Oct 12 11:49:46 UTC 2019,Sat Oct 12 00:00:00 UTC 2019,8.63664E+14,52.63276309,-1.13342403,115,10.72,https://survodk3.appspot.com/view/binaryData?blobKey=lcfbikes%5B%40version%3Dnull+and+%40uiVersion%3Dnull%5D%2FLCFbikes%5B%40key%3Duuid%3Ac3f3788a-6b22-41d9-a87c-453e44336d17%5D%2FImage,No,Yes,No,U Stand,6,uuid:c3f3788a-6b22-41d9-a87c-453e44336d17
Sat Oct 12 11:55:36 UTC 2019,Sat Oct 12 11:56:33 UTC 2019,Sat Oct 12 00:00:00 UTC 2019,8.63664E+14,52.63367476,-1.13441913,110,11.792,https://survodk3.appspot.com/view/binaryData?blobKey=lcfbikes%5B%40version%3Dnull+and+%40uiVersion%3Dnull%5D%2FLCFbikes%5B%40key%3Duuid%3Ad42188e3-d70d-44db-8f18-5edd7b8332e7%5D%2FImage,No,Yes,No,U Stand,8,uuid:d42188e3-d70d-44db-8f18-5edd7b8332e7
Sat Oct 12 11:57:21 UTC 2019,Sat Oct 12 11:58:30 UTC 2019,Sat Oct 12 00:00:00 UTC 2019,8.63664E+14,52.63463338,-1.13500461,113,5.36,https://survodk3.appspot.com/view/binaryData?blobKey=lcfbikes%5B%40version%3Dnull+and+%40uiVersion%3Dnull%5D%2FLCFbikes%5B%40key%3Duuid%3A472e861e-5211-4e5f-8e7b-8b789af79478%5D%2FImage,No,Yes,No,U Stand,4,uuid:472e861e-5211-4e5f-8e7b-8b789af79478
Sat Oct 12 12:00:01 UTC 2019,Sat Oct 12 12:00:46 UTC 2019,Sat Oct 12 00:00:00 UTC 2019,8.63664E+14,52.63423692,-1.13718083,107,8.576,https://survodk3.appspot.com/view/binaryData?blobKey=lcfbikes%5B%40version%3Dnull+and+%40uiVersion%3Dnull%5D%2FLCFbikes%5B%40key%3Duuid%3Af9ca90ab-d473-4fb5-83f6-77781ce829fa%5D%2FImage,No,Yes,No,U Stand,12,uuid:f9ca90ab-d473-4fb5-83f6-77781ce829fa
Sat Oct 12 12:05:29 UTC 2019,Sat Oct 12 12:06:16 UTC 2019,Sat Oct 12 00:00:00 UTC 2019,8.63664E+14,52.63433971,-1.13727714,110,7.504,https://survodk3.appspot.com/view/binaryData?blobKey=lcfbikes%5B%40version%3Dnull+and+%40uiVersion%3Dnull%5D%2FLCFbikes%5B%40key%3Duuid%3A86f1314c-bbdb-46a5-a186-96aa1c7bdcde%5D%2FImage,No,Yes,Yes,U Stand,14,uuid:86f1314c-bbdb-46a5-a186-96aa1c7bdcde
Sat Oct 12 12:06:35 UTC 2019,Sat Oct 12 12:07:16 UTC 2019,Sat Oct 12 00:00:00 UTC 2019,8.63664E+14,52.63397453,-1.1383824,122,6.432,https://survodk3.appspot.com/view/binaryData?blobKey=lcfbikes%5B%40version%3Dnull+and+%40uiVersion%3Dnull%5D%2FLCFbikes%5B%40key%3Duuid%3Ad3aeb91a-9af5-4ce4-88ca-78ab692bcc9c%5D%2FImage,No,Yes,Yes,U Stand,6,uuid:d3aeb91a-9af5-4ce4-88ca-78ab692bcc9c
Sat Oct 12 12:07:29 UTC 2019,Sat Oct 12 12:08:29 UTC 2019,Sat Oct 12 00:00:00 UTC 2019,8.63664E+14,52.633825,-1.13914443,117,6.432,https://survodk3.appspot.com/view/binaryData?blobKey=lcfbikes%5B%40version%3Dnull+and+%40uiVersion%3Dnull%5D%2FLCFbikes%5B%40key%3Duuid%3Ac3d5435d-58ae-4902-9041-f7a4ed576bd3%5D%2FImage,No,Yes,No,U Stand,14,uuid:c3d5435d-58ae-4902-9041-f7a4ed576bd3
Sat Oct 12 12:09:48 UTC 2019,Sat Oct 12 12:10:48 UTC 2019,Sat Oct 12 00:00:00 UTC 2019,8.63664E+14,52.6343215,-1.13992812,307,17.152,https://survodk3.appspot.com/view/binaryData?blobKey=lcfbikes%5B%40version%3Dnull+and+%40uiVersion%3Dnull%5D%2FLCFbikes%5B%40key%3Duuid%3Acd20b5b6-1a36-468d-ab3c-f9bcd78b6491%5D%2FImage,No,Yes,Yes,U Stand,6,uuid:cd20b5b6-1a36-468d-ab3c-f9bcd78b6491
Sat Oct 12 12:10:55 UTC 2019,Sat Oct 12 12:11:38 UTC 2019,Sat Oct 12 00:00:00 UTC 2019,8.63664E+14,52.635235,-1.13908223,112,4.288,https://survodk3.appspot.com/view/binaryData?blobKey=lcfbikes%5B%40version%3Dnull+and+%40uiVersion%3Dnull%5D%2FLCFbikes%5B%40key%3Duuid%3A23fe01d8-b47a-4ff6-9750-fba8943d6d47%5D%2FImage,No,Yes,No,U Stand,6,uuid:23fe01d8-b47a-4ff6-9750-fba8943d6d47
Sat Oct 12 12:11:41 UTC 2019,Sat Oct 12 12:12:18 UTC 2019,Sat Oct 12 00:00:00 UTC 2019,8.63664E+14,52.63511881,-1.1389816,149,5.36,https://survodk3.appspot.com/view/binaryData?blobKey=lcfbikes%5B%40version%3Dnull+and+%40uiVersion%3Dnull%5D%2FLCFbikes%5B%40key%3Duuid%3Ac9c37ec2-08b1-4a57-b9f2-1d8ee965df0a%5D%2FImage,No,Yes,No,U Stand,6,uuid:c9c37ec2-08b1-4a57-b9f2-1d8ee965df0a
Sat Oct 12 12:20:14 UTC 2019,Sat Oct 12 12:21:19 UTC 2019,Sat Oct 12 00:00:00 UTC 2019,8.63664E+14,52.63478642,-1.13485709,110,8.576,https://survodk3.appspot.com/view/binaryData?blobKey=lcfbikes%5B%40version%3Dnull+and+%40uiVersion%3Dnull%5D%2FLCFbikes%5B%40key%3Duuid%3A73c87347-2238-482f-8546-b3ab57b91b20%5D%2FImage,Yes,Yes,Yes,U Stand,12,uuid:73c87347-2238-482f-8546-b3ab57b91b20
Sat Oct 12 12:21:26 UTC 2019,Sat Oct 12 12:22:48 UTC 2019,Sat Oct 12 00:00:00 UTC 2019,8.63664E+14,52.63509725,-1.13454171,115,7.504,https://survodk3.appspot.com/view/binaryData?blobKey=lcfbikes%5B%40version%3Dnull+and+%40uiVersion%3Dnull%5D%2FLCFbikes%5B%40key%3Duuid%3A1afabc3a-8311-4248-994a-b84fc7bb6e05%5D%2FImage,No,Yes,No,U Stand,4,uuid:1afabc3a-8311-4248-994a-b84fc7bb6e05
Sat Oct 12 12:29:29 UTC 2019,Sat Oct 12 12:30:18 UTC 2019,Sat Oct 12 00:00:00 UTC 2019,8.63664E+14,52.63606742,-1.13261206,124,4.288,https://survodk3.appspot.com/view/binaryData?blobKey=lcfbikes%5B%40version%3Dnull+and+%40uiVersion%3Dnull%5D%2FLCFbikes%5B%40key%3Duuid%3A402c3e89-01d6-4a75-acd7-809ee16511db%5D%2FImage,No,Yes,No,U Stand,8,uuid:402c3e89-01d6-4a75-acd7-809ee16511db
Sat Oct 12 12:30:22 UTC 2019,Sat Oct 12 12:31:23 UTC 2019,Sat Oct 12 00:00:00 UTC 2019,8.63664E+14,52.63607777,-1.13254714,123,8.576,https://survodk3.appspot.com/view/binaryData?blobKey=lcfbikes%5B%40version%3Dnull+and+%40uiVersion%3Dnull%5D%2FLCFbikes%5B%40key%3Duuid%3A9b54acb1-9c38-41c4-abd1-6bad8bb79b13%5D%2FImage,No,Yes,No,U Stand,10,uuid:9b54acb1-9c38-41c4-abd1-6bad8bb79b13
Sat Oct 12 12:31:25 UTC 2019,Sat Oct 12 12:32:27 UTC 2019,Sat Oct 12 00:00:00 UTC 2019,8.63664E+14,52.63582036,-1.13196117,132,8.576,https://survodk3.appspot.com/view/binaryData?blobKey=lcfbikes%5B%40version%3Dnull+and+%40uiVersion%3Dnull%5D%2FLCFbikes%5B%40key%3Duuid%3A76fe6c3d-ebf5-47d4-bb65-9a8168fde315%5D%2FImage,No,Yes,No,U Stand,14,uuid:76fe6c3d-ebf5-47d4-bb65-9a8168fde315
Sat Oct 12 12:32:39 UTC 2019,Sat Oct 12 12:33:50 UTC 2019,Sat Oct 12 00:00:00 UTC 2019,8.63664E+14,52.63623222,-1.13151964,134,6.432,https://survodk3.appspot.com/view/binaryData?blobKey=lcfbikes%5B%40version%3Dnull+and+%40uiVersion%3Dnull%5D%2FLCFbikes%5B%40key%3Duuid%3Aac2bfa63-9863-44f7-a115-8b5d75d5b139%5D%2FImage,No,Yes,No,U Stand,8,uuid:ac2bfa63-9863-44f7-a115-8b5d75d5b139
Sat Oct 12 12:34:26 UTC 2019,Sat Oct 12 12:36:53 UTC 2019,Sat Oct 12 00:00:00 UTC 2019,8.63664E+14,52.63631006,-1.13043241,117,7.504,https://survodk3.appspot.com/view/binaryData?blobKey=lcfbikes%5B%40version%3Dnull+and+%40uiVersion%3Dnull%5D%2FLCFbikes%5B%40key%3Duuid%3Ae9297d5b-fd0a-4dc3-a3a6-0692190627bd%5D%2FImage,No,Yes,No,U Stand,4,uuid:e9297d5b-fd0a-4dc3-a3a6-0692190627bd
Sat Oct 12 12:36:55 UTC 2019,Sat Oct 12 12:37:42 UTC 2019,Sat Oct 12 00:00:00 UTC 2019,8.63664E+14,52.63631993,-1.13041721,118,7.504,https://survodk3.appspot.com/view/binaryData?blobKey=lcfbikes%5B%40version%3Dnull+and+%40uiVersion%3Dnull%5D%2FLCFbikes%5B%40key%3Duuid%3A83e25ec6-8a61-4d54-94c2-c0e6d506b446%5D%2FImage,No,Yes,No,U Stand,5,uuid:83e25ec6-8a61-4d54-94c2-c0e6d506b446
Sat Oct 12 12:37:46 UTC 2019,Sat Oct 12 12:38:48 UTC 2019,Sat Oct 12 00:00:00 UTC 2019,8.63664E+14,52.63648462,-1.13054143,110,6.432,https://survodk3.appspot.com/view/binaryData?blobKey=lcfbikes%5B%40version%3Dnull+and+%40uiVersion%3Dnull%5D%2FLCFbikes%5B%40key%3Duuid%3Abf5d90a8-330d-4ba7-a718-1e1f5215f5a4%5D%2FImage,No,Yes,No,U Stand,6,uuid:bf5d90a8-330d-4ba7-a718-1e1f5215f5a4
Sat Oct 12 12:38:51 UTC 2019,Sat Oct 12 12:39:36 UTC 2019,Sat Oct 12 00:00:00 UTC 2019,8.63664E+14,52.63645819,-1.13056417,112,8.576,https://survodk3.appspot.com/view/binaryData?blobKey=lcfbikes%5B%40version%3Dnull+and+%40uiVersion%3Dnull%5D%2FLCFbikes%5B%40key%3Duuid%3A59665d66-ff31-4e9b-affb-59934c9841dc%5D%2FImage,No,Yes,No,U Stand,10,uuid:59665d66-ff31-4e9b-affb-59934c9841dc
Sat Oct 12 12:40:07 UTC 2019,Sat Oct 12 12:40:47 UTC 2019,Sat Oct 12 00:00:00 UTC 2019,8.63664E+14,52.63606632,-1.130091,115,6.432,https://survodk3.appspot.com/view/binaryData?blobKey=lcfbikes%5B%40version%3Dnull+and+%40uiVersion%3Dnull%5D%2FLCFbikes%5B%40key%3Duuid%3A7c64aa9a-33ab-4120-9e6a-472fad068c8e%5D%2FImage,No,Yes,No,U Stand,4,uuid:7c64aa9a-33ab-4120-9e6a-472fad068c8e
Sat Oct 12 12:41:24 UTC 2019,Sat Oct 12 12:42:01 UTC 2019,Sat Oct 12 00:00:00 UTC 2019,8.63664E+14,52.63649071,-1.1296854,119,5.36,https://survodk3.appspot.com/view/binaryData?blobKey=lcfbikes%5B%40version%3Dnull+and+%40uiVersion%3Dnull%5D%2FLCFbikes%5B%40key%3Duuid%3A37c78d73-f123-4931-9f8b-63be5e158253%5D%2FImage,No,Yes,No,U Stand,6,uuid:37c78d73-f123-4931-9f8b-63be5e158253
Sat Oct 12 12:42:13 UTC 2019,Sat Oct 12 12:43:05 UTC 2019,Sat Oct 12 00:00:00 UTC 2019,8.63664E+14,52.63645028,-1.12912371,115,4.288,https://survodk3.appspot.com/view/binaryData?blobKey=lcfbikes%5B%40version%3Dnull+and+%40uiVersion%3Dnull%5D%2FLCFbikes%5B%40key%3Duuid%3A71f2220e-a51a-4669-a2e2-27990df9181e%5D%2FImage,No,Yes,No,U Stand,6,uuid:71f2220e-a51a-4669-a2e2-27990df9181e
Sat Oct 12 12:43:27 UTC 2019,Sat Oct 12 12:44:01 UTC 2019,Sat Oct 12 00:00:00 UTC 2019,8.63664E+14,52.63654208,-1.12886385,126,6.432,https://survodk3.appspot.com/view/binaryData?blobKey=lcfbikes%5B%40version%3Dnull+and+%40uiVersion%3Dnull%5D%2FLCFbikes%5B%40key%3Duuid%3A013b4013-4bc2-4432-9d60-753b96fc93ba%5D%2FImage,No,Yes,No,U Stand,6,uuid:013b4013-4bc2-4432-9d60-753b96fc93ba
Sat Oct 12 12:44:03 UTC 2019,Sat Oct 12 12:45:27 UTC 2019,Sat Oct 12 00:00:00 UTC 2019,8.63664E+14,52.63659684,-1.12811395,107,4.288,https://survodk3.appspot.com/view/binaryData?blobKey=lcfbikes%5B%40version%3Dnull+and+%40uiVersion%3Dnull%5D%2FLCFbikes%5B%40key%3Duuid%3A3ef72033-eff7-4a76-8d31-c1a48d34c832%5D%2FImage,No,Yes,No,U Stand,6,uuid:3ef72033-eff7-4a76-8d31-c1a48d34c832
Sat Oct 12 12:45:37 UTC 2019,Sat Oct 12 12:46:15 UTC 2019,Sat Oct 12 00:00:00 UTC 2019,8.63664E+14,52.63679045,-1.12784452,109,8.576,https://survodk3.appspot.com/view/binaryData?blobKey=lcfbikes%5B%40version%3Dnull+and+%40uiVersion%3Dnull%5D%2FLCFbikes%5B%40key%3Duuid%3A9f143e1b-858e-4034-a7ad-04b74d0ad231%5D%2FImage,No,Yes,Yes,U Stand,6,uuid:9f143e1b-858e-4034-a7ad-04b74d0ad231
Sat Oct 12 12:46:34 UTC 2019,Sat Oct 12 12:47:14 UTC 2019,Sat Oct 12 00:00:00 UTC 2019,8.63664E+14,52.63677551,-1.12778214,115,6.432,https://survodk3.appspot.com/view/binaryData?blobKey=lcfbikes%5B%40version%3Dnull+and+%40uiVersion%3Dnull%5D%2FLCFbikes%5B%40key%3Duuid%3Af5cd8c8d-0585-4ba6-b350-0dceac839355%5D%2FImage,No,Yes,Yes,U Stand,6,uuid:f5cd8c8d-0585-4ba6-b350-0dceac839355
Sat Oct 12 12:47:19 UTC 2019,Sat Oct 12 12:48:29 UTC 2019,Sat Oct 12 00:00:00 UTC 2019,8.63664E+14,52.63673263,-1.12708727,95,6.432,https://survodk3.appspot.com/view/binaryData?blobKey=lcfbikes%5B%40version%3Dnull+and+%40uiVersion%3Dnull%5D%2FLCFbikes%5B%40key%3Duuid%3Ae797af44-c1b0-46db-827f-5498a89b3658%5D%2FImage,No,Yes,No,U Stand,10,uuid:e797af44-c1b0-46db-827f-5498a89b3658
Wed Oct 16 08:44:02 UTC 2019,Wed Oct 16 08:44:58 UTC 2019,Wed Oct 16 00:00:00 UTC 2019,8.63664E+14,52.62877498,-1.13108962,127,6.432,https://survodk3.appspot.com/view/binaryData?blobKey=lcfbikes%5B%40version%3Dnull+and+%40uiVersion%3Dnull%5D%2FLCFbikes%5B%40key%3Duuid%3Afe1ec2d4-5df4-4598-9279-3028d5048287%5D%2FImage,No,Yes,No,U Stand,10,uuid:fe1ec2d4-5df4-4598-9279-3028d5048287
Wed Oct 16 08:48:55 UTC 2019,Wed Oct 16 08:49:40 UTC 2019,Wed Oct 16 00:00:00 UTC 2019,8.63664E+14,52.62912498,-1.12734613,110,4.288,https://survodk3.appspot.com/view/binaryData?blobKey=lcfbikes%5B%40version%3Dnull+and+%40uiVersion%3Dnull%5D%2FLCFbikes%5B%40key%3Duuid%3A128d7818-22e9-47e1-8dd5-f17cce8b5881%5D%2FImage,No,Yes,Yes,U Stand,10,uuid:128d7818-22e9-47e1-8dd5-f17cce8b5881
Wed Oct 16 08:54:15 UTC 2019,Wed Oct 16 08:55:08 UTC 2019,Wed Oct 16 00:00:00 UTC 2019,8.63664E+14,52.62447588,-1.12536505,119,6.432,https://survodk3.appspot.com/view/binaryData?blobKey=lcfbikes%5B%40version%3Dnull+and+%40uiVersion%3Dnull%5D%2FLCFbikes%5B%40key%3Duuid%3Ab19f35d7-0594-4f23-b59f-c667d25403f4%5D%2FImage,Yes,Yes,No,U Stand,3,uuid:b19f35d7-0594-4f23-b59f-c667d25403f4
Wed Oct 16 08:56:34 UTC 2019,Wed Oct 16 08:58:01 UTC 2019,Wed Oct 16 00:00:00 UTC 2019,8.63664E+14,52.62459729,-1.1241746,124,4.288,https://survodk3.appspot.com/view/binaryData?blobKey=lcfbikes%5B%40version%3Dnull+and+%40uiVersion%3Dnull%5D%2FLCFbikes%5B%40key%3Duuid%3A593377cb-bfd7-42ac-b251-3ea870fcd542%5D%2FImage,Yes,Yes,Yes,Other,60,uuid:593377cb-bfd7-42ac-b251-3ea870fcd542
Wed Oct 16 08:59:08 UTC 2019,Wed Oct 16 09:00:14 UTC 2019,Wed Oct 16 00:00:00 UTC 2019,8.63664E+14,52.62423613,-1.12450182,118,5.36,https://survodk3.appspot.com/view/binaryData?blobKey=lcfbikes%5B%40version%3Dnull+and+%40uiVersion%3Dnull%5D%2FLCFbikes%5B%40key%3Duuid%3A7c267208-251e-483d-a50b-c963fa4dc4b7%5D%2FImage,No,No,Yes,U Stand,46,uuid:7c267208-251e-483d-a50b-c963fa4dc4b7
Wed Oct 16 09:05:20 UTC 2019,Wed Oct 16 09:06:03 UTC 2019,Wed Oct 16 00:00:00 UTC 2019,8.63664E+14,52.620711,-1.12462842,143,7.504,https://survodk3.appspot.com/view/binaryData?blobKey=lcfbikes%5B%40version%3Dnull+and+%40uiVersion%3Dnull%5D%2FLCFbikes%5B%40key%3Duuid%3A046822d2-91b3-414e-bbb6-65a774a2eb67%5D%2FImage,No,Yes,No,U Stand,8,uuid:046822d2-91b3-414e-bbb6-65a774a2eb67
Wed Oct 16 09:07:52 UTC 2019,Wed Oct 16 09:08:43 UTC 2019,Wed Oct 16 00:00:00 UTC 2019,8.63664E+14,52.62000666,-1.12520944,124,6.432,https://survodk3.appspot.com/view/binaryData?blobKey=lcfbikes%5B%40version%3Dnull+and+%40uiVersion%3Dnull%5D%2FLCFbikes%5B%40key%3Duuid%3Ab36ef339-79c9-45c4-9ecc-e13e95dc799e%5D%2FImage,Yes,No,No,U Stand,20,uuid:b36ef339-79c9-45c4-9ecc-e13e95dc799e
Wed Oct 16 09:09:45 UTC 2019,Wed Oct 16 09:10:35 UTC 2019,Wed Oct 16 00:00:00 UTC 2019,8.63664E+14,52.62020761,-1.12604267,126,6.432,https://survodk3.appspot.com/view/binaryData?blobKey=lcfbikes%5B%40version%3Dnull+and+%40uiVersion%3Dnull%5D%2FLCFbikes%5B%40key%3Duuid%3A69fcd3e2-54e5-410d-84c3-e2f362aaa489%5D%2FImage,Yes,Yes,No,U Stand,16,uuid:69fcd3e2-54e5-410d-84c3-e2f362aaa489
Wed Oct 16 09:11:19 UTC 2019,Wed Oct 16 09:12:01 UTC 2019,Wed Oct 16 00:00:00 UTC 2019,8.63664E+14,52.62006877,-1.12614582,142,7.504,https://survodk3.appspot.com/view/binaryData?blobKey=lcfbikes%5B%40version%3Dnull+and+%40uiVersion%3Dnull%5D%2FLCFbikes%5B%40key%3Duuid%3A97a4f1c5-6eaf-45f8-89f8-ead9d20263a3%5D%2FImage,Yes,Yes,No,Other,5,uuid:97a4f1c5-6eaf-45f8-89f8-ead9d20263a3
Wed Oct 16 09:19:18 UTC 2019,Wed Oct 16 09:20:07 UTC 2019,Wed Oct 16 00:00:00 UTC 2019,8.63664E+14,52.62496949,-1.11984781,133,4.288,https://survodk3.appspot.com/view/binaryData?blobKey=lcfbikes%5B%40version%3Dnull+and+%40uiVersion%3Dnull%5D%2FLCFbikes%5B%40key%3Duuid%3A01dbbc8a-8a6e-4080-a165-ccca1414331f%5D%2FImage,No,Yes,No,U Stand,10,uuid:01dbbc8a-8a6e-4080-a165-ccca1414331f
Wed Oct 16 09:21:31 UTC 2019,Wed Oct 16 09:22:26 UTC 2019,Wed Oct 16 00:00:00 UTC 2019,8.63664E+14,52.6252356,-1.12159997,134,9.648001,https://survodk3.appspot.com/view/binaryData?blobKey=lcfbikes%5B%40version%3Dnull+and+%40uiVersion%3Dnull%5D%2FLCFbikes%5B%40key%3Duuid%3Acc81b6d9-a3a3-4150-bb85-6eb812479a9a%5D%2FImage,No,Yes,No,U Stand,10,uuid:cc81b6d9-a3a3-4150-bb85-6eb812479a9a
Wed Oct 16 09:26:40 UTC 2019,Wed Oct 16 09:27:23 UTC 2019,Wed Oct 16 00:00:00 UTC 2019,8.63664E+14,52.62715759,-1.12238633,112,4.288,https://survodk3.appspot.com/view/binaryData?blobKey=lcfbikes%5B%40version%3Dnull+and+%40uiVersion%3Dnull%5D%2FLCFbikes%5B%40key%3Duuid%3A278949e4-2c00-4c00-b0c4-00f09040dbe6%5D%2FImage,No,Yes,Yes,Other,6,uuid:278949e4-2c00-4c00-b0c4-00f09040dbe6
Wed Oct 16 09:31:26 UTC 2019,Wed Oct 16 09:32:01 UTC 2019,Wed Oct 16 00:00:00 UTC 2019,8.63664E+14,52.62874505,-1.12452361,91,7.504,https://survodk3.appspot.com/view/binaryData?blobKey=lcfbikes%5B%40version%3Dnull+and+%40uiVersion%3Dnull%5D%2FLCFbikes%5B%40key%3Duuid%3Ad748806f-341c-4741-bbfa-bded45865f04%5D%2FImage,No,No,No,U Stand,8,uuid:d748806f-341c-4741-bbfa-bded45865f04
Wed Oct 16 09:38:04 UTC 2019,Wed Oct 16 09:39:04 UTC 2019,Wed Oct 16 00:00:00 UTC 2019,8.63664E+14,52.63231284,-1.12689164,112,9.648001,https://survodk3.appspot.com/view/binaryData?blobKey=lcfbikes%5B%40version%3Dnull+and+%40uiVersion%3Dnull%5D%2FLCFbikes%5B%40key%3Duuid%3Aef969c0a-a891-456a-9c09-b87f908031f8%5D%2FImage,No,Yes,No,U Stand,6,uuid:ef969c0a-a891-456a-9c09-b87f908031f8
Wed Oct 16 09:39:35 UTC 2019,Wed Oct 16 09:40:30 UTC 2019,Wed Oct 16 00:00:00 UTC 2019,8.63664E+14,52.63246009,-1.12721924,150,8.576,https://survodk3.appspot.com/view/binaryData?blobKey=lcfbikes%5B%40version%3Dnull+and+%40uiVersion%3Dnull%5D%2FLCFbikes%5B%40key%3Duuid%3Af4c46633-4d72-4a03-9d88-25700207bff1%5D%2FImage,No,Yes,Yes,U Stand,2,uuid:f4c46633-4d72-4a03-9d88-25700207bff1
Wed Oct 16 09:41:12 UTC 2019,Wed Oct 16 09:42:02 UTC 2019,Wed Oct 16 00:00:00 UTC 2019,8.63664E+14,52.6326226,-1.12775501,134,6.432,https://survodk3.appspot.com/view/binaryData?blobKey=lcfbikes%5B%40version%3Dnull+and+%40uiVersion%3Dnull%5D%2FLCFbikes%5B%40key%3Duuid%3A8e69af94-1e25-439b-a56e-c4f5ae77be9a%5D%2FImage,No,Yes,No,U Stand,4,uuid:8e69af94-1e25-439b-a56e-c4f5ae77be9a
Wed Oct 16 09:46:07 UTC 2019,Wed Oct 16 09:46:52 UTC 2019,Wed Oct 16 00:00:00 UTC 2019,8.63664E+14,52.63249698,-1.12963422,110,9.648001,https://survodk3.appspot.com/view/binaryData?blobKey=lcfbikes%5B%40version%3Dnull+and+%40uiVersion%3Dnull%5D%2FLCFbikes%5B%40key%3Duuid%3Af79059ae-d9bd-4408-95c3-53dbaf8cbc0f%5D%2FImage,No,Yes,No,U Stand,8,uuid:f79059ae-d9bd-4408-95c3-53dbaf8cbc0f
Wed Oct 16 09:47:33 UTC 2019,Wed Oct 16 09:48:19 UTC 2019,Wed Oct 16 00:00:00 UTC 2019,8.63664E+14,52.63302175,-1.12896262,110,5.36,https://survodk3.appspot.com/view/binaryData?blobKey=lcfbikes%5B%40version%3Dnull+and+%40uiVersion%3Dnull%5D%2FLCFbikes%5B%40key%3Duuid%3A10772873-b6f0-42d2-a776-f3cf04fc5c25%5D%2FImage,No,Yes,No,U Stand,4,uuid:10772873-b6f0-42d2-a776-f3cf04fc5c25
Wed Oct 16 09:48:36 UTC 2019,Wed Oct 16 09:49:35 UTC 2019,Wed Oct 16 00:00:00 UTC 2019,8.63664E+14,52.63305932,-1.12929341,119,6.432,https://survodk3.appspot.com/view/binaryData?blobKey=lcfbikes%5B%40version%3Dnull+and+%40uiVersion%3Dnull%5D%2FLCFbikes%5B%40key%3Duuid%3Aaf9102f4-e683-4a7d-aac9-10e557676c99%5D%2FImage,No,Yes,No,U Stand,6,uuid:af9102f4-e683-4a7d-aac9-10e557676c99
Wed Oct 16 09:50:43 UTC 2019,Wed Oct 16 09:51:56 UTC 2019,Wed Oct 16 00:00:00 UTC 2019,8.63664E+14,52.63334434,-1.1302228,125,9.648001,https://survodk3.appspot.com/view/binaryData?blobKey=lcfbikes%5B%40version%3Dnull+and+%40uiVersion%3Dnull%5D%2FLCFbikes%5B%40key%3Duuid%3A3de6b29b-12b7-4e09-8cb6-be156b0792b3%5D%2FImage,No,Yes,No,U Stand,8,uuid:3de6b29b-12b7-4e09-8cb6-be156b0792b3
Wed Oct 16 09:52:26 UTC 2019,Wed Oct 16 09:53:12 UTC 2019,Wed Oct 16 00:00:00 UTC 2019,8.63664E+14,52.63343054,-1.13040328,127,8.576,https://survodk3.appspot.com/view/binaryData?blobKey=lcfbikes%5B%40version%3Dnull+and+%40uiVersion%3Dnull%5D%2FLCFbikes%5B%40key%3Duuid%3Ac7b712a2-3e98-4f9e-b3e8-e27b918f5960%5D%2FImage,No,Yes,No,U Stand,4,uuid:c7b712a2-3e98-4f9e-b3e8-e27b918f5960
Wed Oct 16 09:53:26 UTC 2019,Wed Oct 16 09:54:22 UTC 2019,Wed Oct 16 00:00:00 UTC 2019,8.63664E+14,52.63382892,-1.13078352,108,8.576,https://survodk3.appspot.com/view/binaryData?blobKey=lcfbikes%5B%40version%3Dnull+and+%40uiVersion%3Dnull%5D%2FLCFbikes%5B%40key%3Duuid%3A1330bae9-3572-4754-8169-1657b83278b4%5D%2FImage,No,Yes,No,U Stand,10,uuid:1330bae9-3572-4754-8169-1657b83278b4
Wed Oct 16 09:55:47 UTC 2019,Wed Oct 16 09:56:41 UTC 2019,Wed Oct 16 00:00:00 UTC 2019,8.63664E+14,52.63312874,-1.13284017,117,8.576,https://survodk3.appspot.com/view/binaryData?blobKey=lcfbikes%5B%40version%3Dnull+and+%40uiVersion%3Dnull%5D%2FLCFbikes%5B%40key%3Duuid%3Aef12cc3d-8765-475c-94f5-12522d710f14%5D%2FImage,No,Yes,No,U Stand,8,uuid:ef12cc3d-8765-475c-94f5-12522d710f14
Wed Oct 16 09:57:44 UTC 2019,Wed Oct 16 09:59:46 UTC 2019,Wed Oct 16 00:00:00 UTC 2019,8.63664E+14,52.63349402,-1.13328451,109,6.432,https://survodk3.appspot.com/view/binaryData?blobKey=lcfbikes%5B%40version%3Dnull+and+%40uiVersion%3Dnull%5D%2FLCFbikes%5B%40key%3Duuid%3A79800b3a-2a0b-4fe7-a5fe-c229264d422b%5D%2FImage,No,Yes,No,U Stand,4,uuid:79800b3a-2a0b-4fe7-a5fe-c229264d422b
Wed Oct 16 10:00:26 UTC 2019,Wed Oct 16 10:01:10 UTC 2019,Wed Oct 16 00:00:00 UTC 2019,8.63664E+14,52.63351568,-1.13337751,109,6.432,https://survodk3.appspot.com/view/binaryData?blobKey=lcfbikes%5B%40version%3Dnull+and+%40uiVersion%3Dnull%5D%2FLCFbikes%5B%40key%3Duuid%3A826a8e82-9d2d-465e-8475-2dc551767b19%5D%2FImage,No,Yes,No,U Stand,4,uuid:826a8e82-9d2d-465e-8475-2dc551767b19
Wed Oct 16 10:02:01 UTC 2019,Wed Oct 16 10:02:49 UTC 2019,Wed Oct 16 00:00:00 UTC 2019,8.63664E+14,52.6336441,-1.13323059,105,6.432,https://survodk3.appspot.com/view/binaryData?blobKey=lcfbikes%5B%40version%3Dnull+and+%40uiVersion%3Dnull%5D%2FLCFbikes%5B%40key%3Duuid%3Af49eef0e-00cf-48f5-b6b0-4b5849971679%5D%2FImage,No,Yes,No,U Stand,6,uuid:f49eef0e-00cf-48f5-b6b0-4b5849971679
Wed Oct 16 10:04:15 UTC 2019,Wed Oct 16 10:08:04 UTC 2019,Wed Oct 16 00:00:00 UTC 2019,8.63664E+14,52.63241464,-1.13263933,126,9.648001,https://survodk3.appspot.com/view/binaryData?blobKey=lcfbikes%5B%40version%3Dnull+and+%40uiVersion%3Dnull%5D%2FLCFbikes%5B%40key%3Duuid%3A31f68cb3-4281-456e-9a1d-1493cec29ff3%5D%2FImage,No,Yes,No,U Stand,8,uuid:31f68cb3-4281-456e-9a1d-1493cec29ff3
Wed Oct 16 10:09:46 UTC 2019,Wed Oct 16 10:10:40 UTC 2019,Wed Oct 16 00:00:00 UTC 2019,8.63664E+14,52.63118927,-1.13227531,122,6.432,https://survodk3.appspot.com/view/binaryData?blobKey=lcfbikes%5B%40version%3Dnull+and+%40uiVersion%3Dnull%5D%2FLCFbikes%5B%40key%3Duuid%3A61311aac-5881-4c63-a94c-e3d63ef0cf80%5D%2FImage,No,Yes,No,U Stand,10,uuid:61311aac-5881-4c63-a94c-e3d63ef0cf80
Wed Oct 16 10:13:04 UTC 2019,Wed Oct 16 10:13:52 UTC 2019,Wed Oct 16 00:00:00 UTC 2019,8.63664E+14,52.63144236,-1.13473902,105,7.504,https://survodk3.appspot.com/view/binaryData?blobKey=lcfbikes%5B%40version%3Dnull+and+%40uiVersion%3Dnull%5D%2FLCFbikes%5B%40key%3Duuid%3A963839bd-5689-4924-a7c4-573e8ae7b512%5D%2FImage,No,Yes,Yes,U Stand,16,uuid:963839bd-5689-4924-a7c4-573e8ae7b512
Wed Oct 16 10:16:14 UTC 2019,Wed Oct 16 10:17:08 UTC 2019,Wed Oct 16 00:00:00 UTC 2019,8.63664E+14,52.63324563,-1.13525848,114,7.504,https://survodk3.appspot.com/view/binaryData?blobKey=lcfbikes%5B%40version%3Dnull+and+%40uiVersion%3Dnull%5D%2FLCFbikes%5B%40key%3Duuid%3A8b8fd6bb-a1d1-4bab-8bd6-4ba040c11115%5D%2FImage,No,Yes,No,U Stand,10,uuid:8b8fd6bb-a1d1-4bab-8bd6-4ba040c11115
Wed Oct 16 10:17:47 UTC 2019,Wed Oct 16 10:18:46 UTC 2019,Wed Oct 16 00:00:00 UTC 2019,8.63664E+14,52.63304317,-1.13529777,119,5.36,https://survodk3.appspot.com/view/binaryData?blobKey=lcfbikes%5B%40version%3Dnull+and+%40uiVersion%3Dnull%5D%2FLCFbikes%5B%40key%3Duuid%3Af6bd02e6-6105-4681-b826-58698147b909%5D%2FImage,No,Yes,No,U Stand,8,uuid:f6bd02e6-6105-4681-b826-58698147b909
Wed Oct 16 10:18:53 UTC 2019,Wed Oct 16 10:20:00 UTC 2019,Wed Oct 16 00:00:00 UTC 2019,8.63664E+14,52.63280221,-1.13561924,116,7.504,https://survodk3.appspot.com/view/binaryData?blobKey=lcfbikes%5B%40version%3Dnull+and+%40uiVersion%3Dnull%5D%2FLCFbikes%5B%40key%3Duuid%3A979bf19a-7157-4d6e-9df6-05b9fa841d80%5D%2FImage,No,Yes,No,U Stand,6,uuid:979bf19a-7157-4d6e-9df6-05b9fa841d80
Wed Oct 16 10:20:43 UTC 2019,Wed Oct 16 10:21:33 UTC 2019,Wed Oct 16 00:00:00 UTC 2019,8.63664E+14,52.63257522,-1.13621062,114,7.504,https://survodk3.appspot.com/view/binaryData?blobKey=lcfbikes%5B%40version%3Dnull+and+%40uiVersion%3Dnull%5D%2FLCFbikes%5B%40key%3Duuid%3A2f56b66e-1b89-496d-82be-d6955f28e0ab%5D%2FImage,No,Yes,No,U Stand,12,uuid:2f56b66e-1b89-496d-82be-d6955f28e0ab
Wed Oct 16 10:22:26 UTC 2019,Wed Oct 16 10:23:23 UTC 2019,Wed Oct 16 00:00:00 UTC 2019,8.63664E+14,52.63233061,-1.13730633,121,9.648001,https://survodk3.appspot.com/view/binaryData?blobKey=lcfbikes%5B%40version%3Dnull+and+%40uiVersion%3Dnull%5D%2FLCFbikes%5B%40key%3Duuid%3A9f365b7c-314a-4799-9a6a-f12f82f14232%5D%2FImage,No,Yes,No,U Stand,6,uuid:9f365b7c-314a-4799-9a6a-f12f82f14232
Wed Oct 16 10:24:59 UTC 2019,Wed Oct 16 10:25:58 UTC 2019,Wed Oct 16 00:00:00 UTC 2019,8.63664E+14,52.63334374,-1.13592794,120,8.576,https://survodk3.appspot.com/view/binaryData?blobKey=lcfbikes%5B%40version%3Dnull+and+%40uiVersion%3Dnull%5D%2FLCFbikes%5B%40key%3Duuid%3Aec7c89e5-0806-4a00-8339-335e0b948597%5D%2FImage,No,No,No,U Stand,2,uuid:ec7c89e5-0806-4a00-8339-335e0b948597
Wed Oct 16 10:59:43 UTC 2019,Wed Oct 16 11:00:23 UTC 2019,Wed Oct 16 00:00:00 UTC 2019,8.63664E+14,52.63664859,-1.13974347,142,7.504,https://survodk3.appspot.com/view/binaryData?blobKey=lcfbikes%5B%40version%3Dnull+and+%40uiVersion%3Dnull%5D%2FLCFbikes%5B%40key%3Duuid%3Ac9332552-60e9-4599-a9a2-f3e58df4f666%5D%2FImage,No,Yes,No,U Stand,10,uuid:c9332552-60e9-4599-a9a2-f3e58df4f666
Wed Oct 16 11:01:51 UTC 2019,Wed Oct 16 11:02:37 UTC 2019,Wed Oct 16 00:00:00 UTC 2019,8.63664E+14,52.63776246,-1.13749235,130,5.36,https://survodk3.appspot.com/view/binaryData?blobKey=lcfbikes%5B%40version%3Dnull+and+%40uiVersion%3Dnull%5D%2FLCFbikes%5B%40key%3Duuid%3A6aadbaa9-4c06-4ab5-91e5-eb00ee3253f3%5D%2FImage,No,Yes,No,U Stand,6,uuid:6aadbaa9-4c06-4ab5-91e5-eb00ee3253f3
Wed Oct 16 11:02:40 UTC 2019,Wed Oct 16 11:03:40 UTC 2019,Wed Oct 16 00:00:00 UTC 2019,8.63664E+14,52.6379083,-1.13760466,89,5.36,https://survodk3.appspot.com/view/binaryData?blobKey=lcfbikes%5B%40version%3Dnull+and+%40uiVersion%3Dnull%5D%2FLCFbikes%5B%40key%3Duuid%3Aeb33527b-2533-4423-98e6-bc6683b91661%5D%2FImage,No,Yes,No,U Stand,8,uuid:eb33527b-2533-4423-98e6-bc6683b91661
Wed Oct 16 11:06:09 UTC 2019,Wed Oct 16 11:07:00 UTC 2019,Wed Oct 16 00:00:00 UTC 2019,8.63664E+14,52.63777606,-1.13440869,106,6.432,https://survodk3.appspot.com/view/binaryData?blobKey=lcfbikes%5B%40version%3Dnull+and+%40uiVersion%3Dnull%5D%2FLCFbikes%5B%40key%3Duuid%3Ab20966a1-c093-478b-9963-383573d30dad%5D%2FImage,No,Yes,No,U Stand,2,uuid:b20966a1-c093-478b-9963-383573d30dad
Wed Oct 16 11:09:27 UTC 2019,Wed Oct 16 11:10:15 UTC 2019,Wed Oct 16 00:00:00 UTC 2019,8.63664E+14,52.63854311,-1.13170317,101,7.504,https://survodk3.appspot.com/view/binaryData?blobKey=lcfbikes%5B%40version%3Dnull+and+%40uiVersion%3Dnull%5D%2FLCFbikes%5B%40key%3Duuid%3Af2d6f880-1194-41f1-a71f-990b89a9e65f%5D%2FImage,No,Yes,No,U Stand,6,uuid:f2d6f880-1194-41f1-a71f-990b89a9e65f
Wed Oct 16 11:10:22 UTC 2019,Wed Oct 16 11:10:56 UTC 2019,Wed Oct 16 00:00:00 UTC 2019,8.63664E+14,52.63830706,-1.13169997,106,7.504,https://survodk3.appspot.com/view/binaryData?blobKey=lcfbikes%5B%40version%3Dnull+and+%40uiVersion%3Dnull%5D%2FLCFbikes%5B%40key%3Duuid%3A9ffc0ca8-55ce-42fb-8d0c-9870483a3c5f%5D%2FImage,No,Yes,Yes,U Stand,8,uuid:9ffc0ca8-55ce-42fb-8d0c-9870483a3c5f
Wed Oct 16 11:11:14 UTC 2019,Wed Oct 16 11:11:52 UTC 2019,Wed Oct 16 00:00:00 UTC 2019,8.63664E+14,52.63804065,-1.13179405,110,4.288,https://survodk3.appspot.com/view/binaryData?blobKey=lcfbikes%5B%40version%3Dnull+and+%40uiVersion%3Dnull%5D%2FLCFbikes%5B%40key%3Duuid%3A82165e5d-d57b-4704-8afb-8c33b1097304%5D%2FImage,No,Yes,Yes,U Stand,10,uuid:82165e5d-d57b-4704-8afb-8c33b1097304
Wed Oct 16 11:14:47 UTC 2019,Wed Oct 16 11:15:33 UTC 2019,Wed Oct 16 00:00:00 UTC 2019,8.63664E+14,52.63793089,-1.12744256,111,6.432,https://survodk3.appspot.com/view/binaryData?blobKey=lcfbikes%5B%40version%3Dnull+and+%40uiVersion%3Dnull%5D%2FLCFbikes%5B%40key%3Duuid%3A99fbf98c-2b2e-4760-8305-2959169c7502%5D%2FImage,No,Yes,No,U Stand,6,uuid:99fbf98c-2b2e-4760-8305-2959169c7502
Wed Oct 16 11:16:03 UTC 2019,Wed Oct 16 11:16:40 UTC 2019,Wed Oct 16 00:00:00 UTC 2019,8.63664E+14,52.63857162,-1.12739912,118,6.432,https://survodk3.appspot.com/view/binaryData?blobKey=lcfbikes%5B%40version%3Dnull+and+%40uiVersion%3Dnull%5D%2FLCFbikes%5B%40key%3Duuid%3A346a11f9-6f6c-498a-9452-886eafe65b06%5D%2FImage,No,Yes,No,U Stand,8,uuid:346a11f9-6f6c-498a-9452-886eafe65b06
Wed Oct 16 11:24:40 UTC 2019,Wed Oct 16 11:25:30 UTC 2019,Wed Oct 16 00:00:00 UTC 2019,8.63664E+14,52.64202344,-1.12948263,104,6.432,https://survodk3.appspot.com/view/binaryData?blobKey=lcfbikes%5B%40version%3Dnull+and+%40uiVersion%3Dnull%5D%2FLCFbikes%5B%40key%3Duuid%3A0519845c-be91-4a6e-8069-07664e1d5306%5D%2FImage,No,Yes,No,U Stand,32,uuid:0519845c-be91-4a6e-8069-07664e1d5306
Wed Oct 16 11:36:22 UTC 2019,Wed Oct 16 11:37:03 UTC 2019,Wed Oct 16 00:00:00 UTC 2019,8.63664E+14,52.63652614,-1.1329218,95,5.36,https://survodk3.appspot.com/view/binaryData?blobKey=lcfbikes%5B%40version%3Dnull+and+%40uiVersion%3Dnull%5D%2FLCFbikes%5B%40key%3Duuid%3Aa58bbafb-e352-4936-a4e2-4a3ea4107d83%5D%2FImage,No,Yes,No,U Stand,4,uuid:a58bbafb-e352-4936-a4e2-4a3ea4107d83
Wed Oct 16 11:40:34 UTC 2019,Wed Oct 16 11:41:35 UTC 2019,Wed Oct 16 00:00:00 UTC 2019,8.63664E+14,52.63819512,-1.13873889,136,9.648001,https://survodk3.appspot.com/view/binaryData?blobKey=lcfbikes%5B%40version%3Dnull+and+%40uiVersion%3Dnull%5D%2FLCFbikes%5B%40key%3Duuid%3A6a2b0c84-09f7-4525-856d-d7be5aecfe2a%5D%2FImage,No,Yes,Yes,U Stand,44,uuid:6a2b0c84-09f7-4525-856d-d7be5aecfe2a
Wed Oct 16 11:42:37 UTC 2019,Wed Oct 16 11:43:20 UTC 2019,Wed Oct 16 00:00:00 UTC 2019,8.63664E+14,52.63771247,-1.13979256,124,8.576,https://survodk3.appspot.com/view/binaryData?blobKey=lcfbikes%5B%40version%3Dnull+and+%40uiVersion%3Dnull%5D%2FLCFbikes%5B%40key%3Duuid%3Aeb60c937-cced-4c03-9324-1ad1ac040360%5D%2FImage,No,Yes,Yes,U Stand,10,uuid:eb60c937-cced-4c03-9324-1ad1ac040360
